session_id,sample_count,duration_s,sample_rate_hz,knee_mean_deg,knee_std_deg,knee_min_deg,knee_max_deg,knee_rom_deg,knee_p05_deg,knee_p95_deg,dt_mean_s,dt_std_s,vel_mean_deg_s,vel_std_deg_s,vel_abs_mean_deg_s,vel_abs_max_deg_s
session_2026-02-23_213644,678,29.549999999999955,22.944162436548257,12.062175759062127,35.85219135923824,-61.46432495117188,78.22348022460938,139.68780517578125,-50.46838665008545,75.60990486145019,0.04364844903988176,0.04462729839454998,0.1726007154087851,49.13307106452162,27.60732971470506,353.39560359798776
